,Model Required
V161,gpcm
V162,gpcm
V163,gpcm
V5,2PL
V6,2PL
V7,gpcm
V8,2PL
V9,gpcm
V10,2PL
V11,gpcm
V70,gpcm
V71,gpcm
V72,gpcm
V73,gpcm
V75,gpcm
V76,gpcm
V77,gpcm
V78,gpcm
V79,gpcm
V74,gpcm
V165,gpcm
V166,gpcm
V167,2PL
V168,2PL
V169,2PL
V45,gpcm
V46,gpcm
V49,2PL
V54,gpcm
V51,gpcm
V52,gpcm
V50,gpcm
V48,2PL
V47,gpcm
V53,gpcm
V67,gpcm
V68,2PL
V69,gpcm
V84,gpcm
V85,gpcm
V86,2PL
V87,2PL
V88,2PL
V89,gpcm
V108,gpcm
V109,gpcm
V110,2PL
V111,gpcm
V112,2PL
V113,gpcm
V114,gpcm
V115,gpcm
V116,gpcm
V117,gpcm
V118,gpcm
V119,gpcm
V120,2PL
V121,gpcm
V122,2PL
V123,gpcm
V124,2PL
V126,gpcm
V127,gpcm
V128,2PL
V129,gpcm
V130,2PL
V142,2PL
V225,gpcm
V226,gpcm
V227,gpcm
V217,gpcm
V218,gpcm
V223,gpcm
V224,gpcm
V219,gpcm
V220,gpcm
V221,gpcm
V222,gpcm
V143,2PL
V145,gpcm
V146,gpcm
V153,gpcm
V154,gpcm
V155,gpcm
V156,2PL
V211,2PL
V103,2PL
V104,2PL
V105,gpcm
V106,gpcm
V107,gpcm
V212,gpcm
V213,gpcm
V214,2PL
V216,gpcm
V170,gpcm
V171,gpcm
V172,gpcm
V173,2PL
V174,2PL
V175,gpcm
V181,gpcm
V182,gpcm
V183,gpcm
V184,gpcm
V185,gpcm
V186,gpcm
V188,gpcm
V189,2PL
V190,gpcm
V191,gpcm
V23,gpcm
V56,gpcm
V55,gpcm
V157,gpcm
V158,gpcm
V159,gpcm
V160,gpcm
V164,gpcm
V59,gpcm
V95,gpcm
V96,gpcm
V97,gpcm
V98,gpcm
V99,gpcm
V100,gpcm
V101,gpcm
V131,gpcm
V132,gpcm
V134,gpcm
V135,gpcm
V136,gpcm
V137,gpcm
V138,gpcm
V141,gpcm
V192,gpcm
V194,gpcm
V197,gpcm
V198,gpcm
V200,gpcm
V209,gpcm
V210,gpcm
V199,gpcm
V201,gpcm
V202,gpcm
V203,gpcm
V204,gpcm
V205,gpcm
V207,gpcm
V206,gpcm
V208,gpcm
V195,gpcm
V196,gpcm
V25.x,gpcm
V61.x,nominal
V62.x,nominal
V63.x,nominal
V64.x,2PL
V65.x,nominal
V80.x,2PL
V81.x,2PL
V147.x,nominal
V150.x,2PL
V151.x,gpcm
V13.x,2PL
V14.x,2PL
V15.x,2PL
V16.x,2PL
V17.x,2PL
V18.x,2PL
V19.x,2PL
V20.x,2PL
V21.x,2PL
V22.x,2PL
V24.x,2PL
V37.x,2PL
V38.x,2PL
V39.x,2PL
V40.x,2PL
V41.x,2PL
V42.x,2PL
V43.x,2PL
V66.x,2PL
V148.x,2PL
V149.x,2PL
V176.x,2PL
V177.x,2PL
V187.x,2PL
