"","V1","Description.x","R_squared","V2","Description.y"
"1","V99_Low","I mostly agree that competition is good it stimulates people to work hard and develop new ideas","0.756739240950692","V100_Low","I mostly agree that in the long run, hard work usually brings a better life"
"2","V107_2","I somewhat trust people of another nationality ","0.706493506493507","V106_2","I somewhat trust people of another religion"
"3","V107_3","I do not trust people of another nationality very much. ","0.754140994629831","V106_3","I do not trust people of another religion very much"
"4","V107_4","I do not trust people of another nationality at all. ","0.732467532467532","V106_4","I do not trust people of another religion at all. "
"5","V106_2","I somewhat trust people of another religion","0.706493506493507","V107_2","I somewhat trust people of another nationality "
"6","V106_3","I do not trust people of another religion very much","0.754140994629831","V107_3","I do not trust people of another nationality very much. "
"7","V106_4","I do not trust people of another religion at all. ","0.732467532467532","V107_4","I do not trust people of another nationality at all. "
"8","V111_1_Ref","I have a great deal of confidence in television","0.791815566282312","V110_1_Ref","I have a great deal of confidence in the press"
"9","V111_2","I have quite a lot of confidence in television","0.768831168831169","V110_2","I have quite a lot of confidence in the press"
"10","V111_3","I do not have very much confidence in television","0.751948051948052","V110_3","I do not very much confidence in the press"
"11","V111_4","I have no confidence in television at all","0.800909428405325","V110_4","I have no confidence in the press at all"
"12","V110_1_Ref","I have a great deal of confidence in the press","0.791815566282312","V111_1_Ref","I have a great deal of confidence in television"
"13","V110_2","I have quite a lot of confidence in the press","0.768831168831169","V111_2","I have quite a lot of confidence in television"
"14","V110_3","I do not very much confidence in the press","0.751948051948052","V111_3","I do not have very much confidence in television"
"15","V110_4","I have no confidence in the press at all","0.800909428405325","V111_4","I have no confidence in television at all"
"16","V117_1_Ref","I have a great deal of confidence in parliament","0.711688311688312","V115_1_Ref","I have a great deal of confidence in the government."
"17","V117_3","I  do not have very much confidence in parliament","0.733831692962194","V115_3","I do not have a lot of confidence in the government"
"18","V116_4","I have no confindence at all in political parties","0.741558441558442","V115_4","I have no confidence at all in the government"
"19","V117_4","I have no confidence at all in parliament. ","0.745047132506819","V115_4","I have no confidence at all in the government"
"20","V117_1_Ref","I have a great deal of confidence in parliament","0.785714285714286","V116_1_Ref","I have a great deal of confidence in political parties"
"21","V117_2","I have quite a lot of confidence in parliament","0.723376623376623","V116_2","I have quite a lot of confidence in political parties"
"22","V115_4","I have no confidence at all in the government","0.741558441558442","V116_4","I have no confindence at all in political parties"
"23","V117_4","I have no confidence at all in parliament. ","0.810003290528337","V116_4","I have no confindence at all in political parties"
"24","V115_1_Ref","I have a great deal of confidence in the government.","0.711688311688312","V117_1_Ref","I have a great deal of confidence in parliament"
"25","V116_1_Ref","I have a great deal of confidence in political parties","0.785714285714286","V117_1_Ref","I have a great deal of confidence in parliament"
"26","V116_2","I have quite a lot of confidence in political parties","0.723376623376623","V117_2","I have quite a lot of confidence in parliament"
"27","V115_3","I do not have a lot of confidence in the government","0.733831692962194","V117_3","I  do not have very much confidence in parliament"
"28","V115_4","I have no confidence at all in the government","0.745047132506819","V117_4","I have no confidence at all in parliament. "
"29","V116_4","I have no confindence at all in political parties","0.810003290528337","V117_4","I have no confidence at all in parliament. "
"30","V123_1_Ref","I have a great deal of confidence in women's organizations","0.788823911630929","V122_1_Ref","I have a great deal of confidence in environmental organizations"
"31","V123_2","I have a great of confidence in women's organizations","0.771428571428571","V122_2","I have quite a lot of confidence in environmental organizations"
"32","V123_3","I do not have very much confidence in women's organizations","0.749350649350649","V122_3","I do not have very much confidence in environmental organizations"
"33","V123_4","I do not have any confidence in women's organizations","0.789217319961451","V122_4","I do not have any confidence in environmental organizations"
"34","V124_4","I do not have any confidence in humanitarian organizations","0.75154274830897","V122_4","I do not have any confidence in environmental organizations"
"35","V122_1_Ref","I have a great deal of confidence in environmental organizations","0.788823911630929","V123_1_Ref","I have a great deal of confidence in women's organizations"
"36","V122_2","I have quite a lot of confidence in environmental organizations","0.771428571428571","V123_2","I have a great of confidence in women's organizations"
"37","V122_3","I do not have very much confidence in environmental organizations","0.749350649350649","V123_3","I do not have very much confidence in women's organizations"
"38","V122_4","I do not have any confidence in environmental organizations","0.789217319961451","V123_4","I do not have any confidence in women's organizations"
"39","V124_4","I do not have any confidence in humanitarian organizations","0.738141650422352","V123_4","I do not have any confidence in women's organizations"
"40","V122_4","I do not have any confidence in environmental organizations","0.75154274830897","V124_4","I do not have any confidence in humanitarian organizations"
"41","V123_4","I do not have any confidence in women's organizations","0.738141650422352","V124_4","I do not have any confidence in humanitarian organizations"
"42","V153_1_Ref","I strongly agree that whenever science and religion conflict, religion is always right. ","0.700032536156141","V146_1_Ref","I pray several times a day apart from weddings and funerals"
"43","V9_4","Religion is not important at all in my life","-0.701754385964912","V146_1_Ref","I pray several times a day apart from weddings and funerals"
"44","V9_1_Ref","Religion is very important in my life","0.722962038779502","V146_1_Ref","I pray several times a day apart from weddings and funerals"
"45","V9_3","Religion is not very important in my life","-0.718648473034438","V146_1_Ref","I pray several times a day apart from weddings and funerals"
"46","V19_1_Ref","Religious faith is am important quality that children can be encouraged to learn at home.","0.708671684014768","V146_1_Ref","I pray several times a day apart from weddings and funerals"
"47","V151_3","The meaning of religion in not to make sense of the life after death or to make sense of life in this world. ","1","V150_3","The meaning of religion is not to follow religious norms and ceremonies or to do good to other people"
"48","V151_4","The meaning of religion is both to make sense of the life after death or to make sense of life in this world. ","1","V150_4","The meaning of religion is to both folllow religious norms and cermemonies and to do good to other people. "
"49","V150_3","The meaning of religion is not to follow religious norms and ceremonies or to do good to other people","1","V151_3","The meaning of religion in not to make sense of the life after death or to make sense of life in this world. "
"50","V150_4","The meaning of religion is to both folllow religious norms and cermemonies and to do good to other people. ","1","V151_4","The meaning of religion is both to make sense of the life after death or to make sense of life in this world. "
"51","V146_1_Ref","I pray several times a day apart from weddings and funerals","0.700032536156141","V153_1_Ref","I strongly agree that whenever science and religion conflict, religion is always right. "
"52","V9_1_Ref","Religion is very important in my life","0.753736351448104","V153_1_Ref","I strongly agree that whenever science and religion conflict, religion is always right. "
"53","V9_3","Religion is not very important in my life","-0.735131660531658","V153_1_Ref","I strongly agree that whenever science and religion conflict, religion is always right. "
"54","V19_1_Ref","Religious faith is am important quality that children can be encouraged to learn at home.","0.709551806708043","V153_1_Ref","I strongly agree that whenever science and religion conflict, religion is always right. "
"55","V9_1_Ref","Religion is very important in my life","-0.707792207792208","V153_4","I strong disagree that whenever science and religion conflict, relgion is always right"
"56","V9_4","Religion is not important at all in my life","0.703475191373047","V153_4","I strong disagree that whenever science and religion conflict, relgion is always right"
"57","V180_1_Ref","My family has been vicitms of a crime during the last year. ","0.755844155844156","V179_1_Ref","I have been the vicitim of a crime during the past year"
"58","V179_1_Ref","I have been the vicitim of a crime during the past year","0.755844155844156","V180_1_Ref","My family has been vicitms of a crime during the last year. "
"59","V182_1_Ref","I am very much worried about not being able to give my children a good education. ","0.798701298701299","V181_1_Ref","I am very much worried about losing my job or not finding a job. "
"60","V182_4","I am not worried at all about not being able to give my children a good education","0.803507674726185","V181_4","I am not worried at all about losing my job or not finding a job"
"61","V181_1_Ref","I am very much worried about losing my job or not finding a job. ","0.798701298701299","V182_1_Ref","I am very much worried about not being able to give my children a good education. "
"62","V181_4","I am not worried at all about losing my job or not finding a job","0.803507674726185","V182_4","I am not worried at all about not being able to give my children a good education"
"63","V184_3","I am not worried much about a terrorist attack ","-0.764935064935065","V183_1_Ref","I am very much worried about a war involving my country"
"64","V185_1_Ref","I am very much worried about a civil war","0.800909428405325","V183_1_Ref","I am very much worried about a war involving my country"
"65","V184_1_Ref","I am very worried about a terrorist attack. ","0.887012987012987","V183_1_Ref","I am very much worried about a war involving my country"
"66","V184_2","I am worried a great deal about a terroriest attack.","0.707372560854338","V183_2","I am a great deal worried about a war involving my country"
"67","V184_1_Ref","I am very worried about a terrorist attack. ","-0.727272727272727","V183_3","I am not worried much about a war involving my country"
"68","V185_3","I am not worried much about a civil war","0.703896103896104","V183_3","I am not worried much about a war involving my country"
"69","V184_3","I am not worried much about a terrorist attack ","0.838961038961039","V183_3","I am not worried much about a war involving my country"
"70","V184_4","I am not worried at all about a terrorist attack","0.831168831168831","V183_4","I am not worried at all about a war involving my country"
"71","V185_4","I am not worried at all about a civil war","0.767532467532468","V183_4","I am not worried at all about a war involving my country"
"72","V183_1_Ref","I am very much worried about a war involving my country","0.887012987012987","V184_1_Ref","I am very worried about a terrorist attack. "
"73","V185_1_Ref","I am very much worried about a civil war","0.777525211517578","V184_1_Ref","I am very worried about a terrorist attack. "
"74","V183_3","I am not worried much about a war involving my country","-0.727272727272727","V184_1_Ref","I am very worried about a terrorist attack. "
"75","V183_2","I am a great deal worried about a war involving my country","0.707372560854338","V184_2","I am worried a great deal about a terroriest attack."
"76","V183_1_Ref","I am very much worried about a war involving my country","-0.764935064935065","V184_3","I am not worried much about a terrorist attack "
"77","V183_3","I am not worried much about a war involving my country","0.838961038961039","V184_3","I am not worried much about a terrorist attack "
"78","V183_4","I am not worried at all about a war involving my country","0.831168831168831","V184_4","I am not worried at all about a terrorist attack"
"79","V185_4","I am not worried at all about a civil war","0.733766233766234","V184_4","I am not worried at all about a terrorist attack"
"80","V184_1_Ref","I am very worried about a terrorist attack. ","0.777525211517578","V185_1_Ref","I am very much worried about a civil war"
"81","V183_1_Ref","I am very much worried about a war involving my country","0.800909428405325","V185_1_Ref","I am very much worried about a civil war"
"82","V183_3","I am not worried much about a war involving my country","0.703896103896104","V185_3","I am not worried much about a civil war"
"83","V183_4","I am not worried at all about a war involving my country","0.767532467532468","V185_4","I am not worried at all about a civil war"
"84","V184_4","I am not worried at all about a terrorist attack","0.733766233766234","V185_4","I am not worried at all about a civil war"
"85","V190_3","I have rarely gone without medicine or medical treatment that I needed in the last 12 month.","0.722962038779502","V188_3","I rarley have gone without enough food to eat in the last 12 month"
"86","V190_4","I have never gone without medicine or medical treatment that I needed in the last 12 month.","0.72987012987013","V188_4","I never have gone without enough food to eat in the last 12 month"
"87","V146_1_Ref","I pray several times a day apart from weddings and funerals","0.708671684014768","V19_1_Ref","Religious faith is am important quality that children can be encouraged to learn at home."
"88","V153_1_Ref","I strongly agree that whenever science and religion conflict, religion is always right. ","0.709551806708043","V19_1_Ref","Religious faith is am important quality that children can be encouraged to learn at home."
"89","V9_3","Religion is not very important in my life","-0.75154274830897","V19_1_Ref","Religious faith is am important quality that children can be encouraged to learn at home."
"90","V9_1_Ref","Religion is very important in my life","0.779220779220779","V19_1_Ref","Religious faith is am important quality that children can be encouraged to learn at home."
"91","V9_4","Religion is not important at all in my life","-0.712569053496059","V19_1_Ref","Religious faith is am important quality that children can be encouraged to learn at home."
"92","V188_3","I rarley have gone without enough food to eat in the last 12 month","0.722962038779502","V190_3","I have rarely gone without medicine or medical treatment that I needed in the last 12 month."
"93","V188_4","I never have gone without enough food to eat in the last 12 month","0.72987012987013","V190_4","I have never gone without medicine or medical treatment that I needed in the last 12 month."
"94","V202_Med","I am indifferent to the justification of someone accepting a bribe in the course of their duties.","0.701754534106856","V200_Med","I am indifferent to the justification of stealling property"
"95","V200_Med","I am indifferent to the justification of stealling property","0.701754534106856","V202_Med","I am indifferent to the justification of someone accepting a bribe in the course of their duties."
"96","V40_1_Ref","I would not like to have homosexuals as neighbors","-0.711269930335629","V203_ Very High","I think that homosexuality is always justifable"
"97","V40_1_Ref","I would not like to have homosexuals as neighbors","0.728571428571429","V203_Very Low_Ref","I think that homosexuality is never justifable."
"98","V205_ Very High","I think that divorse is always justifable","0.707792207792208","V204_ Very High","I think that abortion is always justifable"
"99","V204_ Very High","I think that abortion is always justifable","0.707792207792208","V205_ Very High","I think that divorse is always justifable"
"100","V206_ Very High","I think that sex before marriage is always justifable","0.719747607928353","V205_ Very High","I think that divorse is always justifable"
"101","V205_ Very High","I think that divorse is always justifable","0.719747607928353","V206_ Very High","I think that sex before marriage is always justifable"
"102","V213_2","I agree that I see myself as part of my local community ","0.726859408260793","V212_2","I agree that I see myself as a world citizen"
"103","V214_2","I agree that I see myself as part of my country","0.771029595715426","V213_2","I agree that I see myself as part of my local community "
"104","V212_2","I agree that I see myself as a world citizen","0.726859408260793","V213_2","I agree that I see myself as part of my local community "
"105","V213_2","I agree that I see myself as part of my local community ","0.771029595715426","V214_2","I agree that I see myself as part of my country"
"106","V223_1_Ref","I use the internet daily to obtain information about what is going on in the country and the world. ","0.781392322706571","V222_1_Ref","I use email daily to obtain information about what is going on in the country and the world. "
"107","V223_2","I use the internet weekly to obtain information about what is going on in the country and the world.","0.70595900844663","V222_2","I use email weekly to obtain information about what is going on in the country and the world."
"108","V223_4","I use the internet less than monthly to obtain information about what is going on in the country and the world. ","0.723778655217293","V222_4","I use email less than monthly to obtain information about what is going on in the country and the world. "
"109","V223_5","I never use the internet to obtain information about what is going on in the country and the world.","0.786597267404034","V222_5","I never use email to obtain information about what is going on in the country and the world."
"110","V225_3","I frequently use a personal computer","0.731232066753467","V223_1_Ref","I use the internet daily to obtain information about what is going on in the country and the world. "
"111","V222_1_Ref","I use email daily to obtain information about what is going on in the country and the world. ","0.781392322706571","V223_1_Ref","I use the internet daily to obtain information about what is going on in the country and the world. "
"112","V222_2","I use email weekly to obtain information about what is going on in the country and the world.","0.70595900844663","V223_2","I use the internet weekly to obtain information about what is going on in the country and the world."
"113","V222_4","I use email less than monthly to obtain information about what is going on in the country and the world. ","0.723778655217293","V223_4","I use the internet less than monthly to obtain information about what is going on in the country and the world. "
"114","V222_5","I never use email to obtain information about what is going on in the country and the world.","0.786597267404034","V223_5","I never use the internet to obtain information about what is going on in the country and the world."
"115","V225_1_Ref","I never use a personal computer","0.711732544973374","V223_5","I never use the internet to obtain information about what is going on in the country and the world."
"116","V223_5","I never use the internet to obtain information about what is going on in the country and the world.","0.711732544973374","V225_1_Ref","I never use a personal computer"
"117","V223_1_Ref","I use the internet daily to obtain information about what is going on in the country and the world. ","0.731232066753467","V225_3","I frequently use a personal computer"
"118","V227_1_Ref","I always vote in the national elections","0.794413812603173","V226_1_Ref","I always vote in the local elections"
"119","V227_2","I usually vote in the national elections","0.739850639865097","V226_2","I usually vote in the local elections"
"120","V227_3","I never vote in the national elections","0.774926965196717","V226_3","I never vote in the local elections"
"121","V226_1_Ref","I always vote in the local elections","0.794413812603173","V227_1_Ref","I always vote in the national elections"
"122","V226_2","I usually vote in the local elections","0.739850639865097","V227_2","I usually vote in the national elections"
"123","V226_3","I never vote in the local elections","0.774926965196717","V227_3","I never vote in the national elections"
"124","V244_1_Ref","My father is an immigrant","0.918600899034736","V243_1_Ref","My mother is an immigrant"
"125","V243_1_Ref","My mother is an immigrant","0.918600899034736","V244_1_Ref","My father is an immigrant"
"126","V27_1_Ref","I am an inactive member in an art, music, or educational organization","-0.705194805194805","V26_0","I am not am member in a sport or recreational organization "
"127","V27_2","I am an anctive member in an art, music, or educational organization","-0.704774314533477","V26_0","I am not am member in a sport or recreational organization "
"128","V31_0","I am not a member of a professional association","0.745454545454545","V26_0","I am not am member in a sport or recreational organization "
"129","V27_0","I am not a member in an art, music, or educaitoncal organization","0.821312713991727","V26_0","I am not am member in a sport or recreational organization "
"130","V30_1_Ref","I am an inactive member in a environmental organization","0.758934533182229","V26_1_Ref","I am an inactive member in a sport or recreational organization"
"131","V27_1_Ref","I am an inactive member in an art, music, or educational organization","0.85974025974026","V26_1_Ref","I am an inactive member in a sport or recreational organization"
"132","V34_1_Ref","I am an inactive member of a self-help group, mutual, aid group","0.768031351216948","V26_1_Ref","I am an inactive member in a sport or recreational organization"
"133","V31_1_Ref","I am an inactive member of a professional association ","0.738961038961039","V26_1_Ref","I am an inactive member in a sport or recreational organization"
"134","V32_1_Ref","I am an inactive member of a humanitarian or charitable organization","0.745454545454545","V26_1_Ref","I am an inactive member in a sport or recreational organization"
"135","V27_0","I am not a member in an art, music, or educaitoncal organization","-0.777128169251666","V26_1_Ref","I am an inactive member in a sport or recreational organization"
"136","V31_0","I am not a member of a professional association","-0.738961038961039","V26_1_Ref","I am an inactive member in a sport or recreational organization"
"137","V30_0","I am not a member in an environmental organization","-0.74025974025974","V26_1_Ref","I am an inactive member in a sport or recreational organization"
"138","V34_0","I am not a member of self-help group, mutual, aid group","-0.714285714285714","V26_1_Ref","I am an inactive member in a sport or recreational organization"
"139","V27_2","I am an anctive member in an art, music, or educational organization","0.726445743989603","V26_2","I am an active member in a sport or recreational organization"
"140","V26_1_Ref","I am an inactive member in a sport or recreational organization","-0.777128169251666","V27_0","I am not a member in an art, music, or educaitoncal organization"
"141","V31_0","I am not a member of a professional association","0.782326350985791","V27_0","I am not a member in an art, music, or educaitoncal organization"
"142","V31_1_Ref","I am an inactive member of a professional association ","-0.714749988442168","V27_0","I am not a member in an art, music, or educaitoncal organization"
"143","V26_0","I am not am member in a sport or recreational organization ","0.821312713991727","V27_0","I am not a member in an art, music, or educaitoncal organization"
"144","V30_0","I am not a member in an environmental organization","0.766731805783416","V27_0","I am not a member in an art, music, or educaitoncal organization"
"145","V30_1_Ref","I am an inactive member in a environmental organization","-0.728868660598179","V27_0","I am not a member in an art, music, or educaitoncal organization"
"146","V26_0","I am not am member in a sport or recreational organization ","-0.705194805194805","V27_1_Ref","I am an inactive member in an art, music, or educational organization"
"147","V33_0","I am not a member of a consumer organization","-0.71038961038961","V27_1_Ref","I am an inactive member in an art, music, or educational organization"
"148","V26_1_Ref","I am an inactive member in a sport or recreational organization","0.85974025974026","V27_1_Ref","I am an inactive member in an art, music, or educational organization"
"149","V30_1_Ref","I am an inactive member in a environmental organization","0.796621350754634","V27_1_Ref","I am an inactive member in an art, music, or educational organization"
"150","V30_0","I am not a member in an environmental organization","-0.758441558441558","V27_1_Ref","I am an inactive member in an art, music, or educational organization"
"151","V33_1_Ref","I am an inactive member of a consumer organization","0.703054079540387","V27_1_Ref","I am an inactive member in an art, music, or educational organization"
"152","V32_1_Ref","I am an inactive member of a humanitarian or charitable organization","0.703896103896104","V27_1_Ref","I am an inactive member in an art, music, or educational organization"
"153","V34_1_Ref","I am an inactive member of a self-help group, mutual, aid group","0.751137260581042","V27_1_Ref","I am an inactive member in an art, music, or educational organization"
"154","V31_1_Ref","I am an inactive member of a professional association ","0.725974025974026","V27_1_Ref","I am an inactive member in an art, music, or educational organization"
"155","V31_0","I am not a member of a professional association","-0.702597402597403","V27_1_Ref","I am an inactive member in an art, music, or educational organization"
"156","V26_0","I am not am member in a sport or recreational organization ","-0.704774314533477","V27_2","I am an anctive member in an art, music, or educational organization"
"157","V26_2","I am an active member in a sport or recreational organization","0.726445743989603","V27_2","I am an anctive member in an art, music, or educational organization"
"158","V33_0","I am not a member of a consumer organization","0.793506493506493","V30_0","I am not a member in an environmental organization"
"159","V31_1_Ref","I am an inactive member of a professional association ","-0.725974025974026","V30_0","I am not a member in an environmental organization"
"160","V26_1_Ref","I am an inactive member in a sport or recreational organization","-0.74025974025974","V30_0","I am not a member in an environmental organization"
"161","V31_0","I am not a member of a professional association","0.803896103896104","V30_0","I am not a member in an environmental organization"
"162","V34_1_Ref","I am an inactive member of a self-help group, mutual, aid group","-0.726445897343949","V30_0","I am not a member in an environmental organization"
"163","V32_0","I am not a member of a humanitarian or charitable organization","0.766233766233766","V30_0","I am not a member in an environmental organization"
"164","V34_0","I am not a member of self-help group, mutual, aid group","0.797402597402597","V30_0","I am not a member in an environmental organization"
"165","V27_1_Ref","I am an inactive member in an art, music, or educational organization","-0.758441558441558","V30_0","I am not a member in an environmental organization"
"166","V32_1_Ref","I am an inactive member of a humanitarian or charitable organization","-0.724675324675325","V30_0","I am not a member in an environmental organization"
"167","V27_0","I am not a member in an art, music, or educaitoncal organization","0.766731805783416","V30_0","I am not a member in an environmental organization"
"168","V32_1_Ref","I am an inactive member of a humanitarian or charitable organization","0.808317259656415","V30_1_Ref","I am an inactive member in a environmental organization"
"169","V27_1_Ref","I am an inactive member in an art, music, or educational organization","0.796621350754634","V30_1_Ref","I am an inactive member in a environmental organization"
"170","V33_0","I am not a member of a consumer organization","-0.748538169713979","V30_1_Ref","I am an inactive member in a environmental organization"
"171","V31_1_Ref","I am an inactive member of a professional association ","0.790123623586978","V30_1_Ref","I am an inactive member in a environmental organization"
"172","V31_0","I am not a member of a professional association","-0.72774544277748","V30_1_Ref","I am an inactive member in a environmental organization"
"173","V33_1_Ref","I am an inactive member of a consumer organization","0.784135240572172","V30_1_Ref","I am an inactive member in a environmental organization"
"174","V32_0","I am not a member of a humanitarian or charitable organization","-0.732943624511605","V30_1_Ref","I am an inactive member in a environmental organization"
"175","V26_1_Ref","I am an inactive member in a sport or recreational organization","0.758934533182229","V30_1_Ref","I am an inactive member in a environmental organization"
"176","V34_0","I am not a member of self-help group, mutual, aid group","-0.714749988442168","V30_1_Ref","I am an inactive member in a environmental organization"
"177","V34_1_Ref","I am an inactive member of a self-help group, mutual, aid group","0.788686605981795","V30_1_Ref","I am an inactive member in a environmental organization"
"178","V27_0","I am not a member in an art, music, or educaitoncal organization","-0.728868660598179","V30_1_Ref","I am an inactive member in a environmental organization"
"179","V30_1_Ref","I am an inactive member in a environmental organization","-0.72774544277748","V31_0","I am not a member of a professional association"
"180","V30_0","I am not a member in an environmental organization","0.803896103896104","V31_0","I am not a member of a professional association"
"181","V32_1_Ref","I am an inactive member of a humanitarian or charitable organization","-0.731168831168831","V31_0","I am not a member of a professional association"
"182","V26_0","I am not am member in a sport or recreational organization ","0.745454545454545","V31_0","I am not a member of a professional association"
"183","V27_0","I am not a member in an art, music, or educaitoncal organization","0.782326350985791","V31_0","I am not a member of a professional association"
"184","V34_0","I am not a member of self-help group, mutual, aid group","0.728571428571429","V31_0","I am not a member of a professional association"
"185","V26_1_Ref","I am an inactive member in a sport or recreational organization","-0.738961038961039","V31_0","I am not a member of a professional association"
"186","V32_0","I am not a member of a humanitarian or charitable organization","0.816883116883117","V31_0","I am not a member of a professional association"
"187","V27_1_Ref","I am an inactive member in an art, music, or educational organization","-0.702597402597403","V31_0","I am not a member of a professional association"
"188","V33_0","I am not a member of a consumer organization","0.714285714285714","V31_0","I am not a member of a professional association"
"189","V32_1_Ref","I am an inactive member of a humanitarian or charitable organization","0.803896103896104","V31_1_Ref","I am an inactive member of a professional association "
"190","V30_0","I am not a member in an environmental organization","-0.725974025974026","V31_1_Ref","I am an inactive member of a professional association "
"191","V33_1_Ref","I am an inactive member of a consumer organization","0.708252261274512","V31_1_Ref","I am an inactive member of a professional association "
"192","V34_1_Ref","I am an inactive member of a self-help group, mutual, aid group","0.72774544277748","V31_1_Ref","I am an inactive member of a professional association "
"193","V26_1_Ref","I am an inactive member in a sport or recreational organization","0.738961038961039","V31_1_Ref","I am an inactive member of a professional association "
"194","V32_0","I am not a member of a humanitarian or charitable organization","-0.746753246753247","V31_1_Ref","I am an inactive member of a professional association "
"195","V30_1_Ref","I am an inactive member in a environmental organization","0.790123623586978","V31_1_Ref","I am an inactive member of a professional association "
"196","V27_0","I am not a member in an art, music, or educaitoncal organization","-0.714749988442168","V31_1_Ref","I am an inactive member of a professional association "
"197","V27_1_Ref","I am an inactive member in an art, music, or educational organization","0.725974025974026","V31_1_Ref","I am an inactive member of a professional association "
"198","V31_1_Ref","I am an inactive member of a professional association ","-0.746753246753247","V32_0","I am not a member of a humanitarian or charitable organization"
"199","V33_0","I am not a member of a consumer organization","0.715584415584416","V32_0","I am not a member of a humanitarian or charitable organization"
"200","V31_0","I am not a member of a professional association","0.816883116883117","V32_0","I am not a member of a humanitarian or charitable organization"
"201","V30_1_Ref","I am an inactive member in a environmental organization","-0.732943624511605","V32_0","I am not a member of a humanitarian or charitable organization"
"202","V30_0","I am not a member in an environmental organization","0.766233766233766","V32_0","I am not a member of a humanitarian or charitable organization"
"203","V26_1_Ref","I am an inactive member in a sport or recreational organization","0.745454545454545","V32_1_Ref","I am an inactive member of a humanitarian or charitable organization"
"204","V30_1_Ref","I am an inactive member in a environmental organization","0.808317259656415","V32_1_Ref","I am an inactive member of a humanitarian or charitable organization"
"205","V31_1_Ref","I am an inactive member of a professional association ","0.803896103896104","V32_1_Ref","I am an inactive member of a humanitarian or charitable organization"
"206","V34_1_Ref","I am an inactive member of a self-help group, mutual, aid group","0.725146351910418","V32_1_Ref","I am an inactive member of a humanitarian or charitable organization"
"207","V27_1_Ref","I am an inactive member in an art, music, or educational organization","0.703896103896104","V32_1_Ref","I am an inactive member of a humanitarian or charitable organization"
"208","V30_0","I am not a member in an environmental organization","-0.724675324675325","V32_1_Ref","I am an inactive member of a humanitarian or charitable organization"
"209","V33_1_Ref","I am an inactive member of a consumer organization","0.72774544277748","V32_1_Ref","I am an inactive member of a humanitarian or charitable organization"
"210","V31_0","I am not a member of a professional association","-0.731168831168831","V32_1_Ref","I am an inactive member of a humanitarian or charitable organization"
"211","V32_0","I am not a member of a humanitarian or charitable organization","0.715584415584416","V33_0","I am not a member of a consumer organization"
"212","V30_1_Ref","I am an inactive member in a environmental organization","-0.748538169713979","V33_0","I am not a member of a consumer organization"
"213","V27_1_Ref","I am an inactive member in an art, music, or educational organization","-0.71038961038961","V33_0","I am not a member of a consumer organization"
"214","V34_0","I am not a member of self-help group, mutual, aid group","0.725974025974026","V33_0","I am not a member of a consumer organization"
"215","V31_0","I am not a member of a professional association","0.714285714285714","V33_0","I am not a member of a consumer organization"
"216","V30_0","I am not a member in an environmental organization","0.793506493506493","V33_0","I am not a member of a consumer organization"
"217","V30_1_Ref","I am an inactive member in a environmental organization","0.784135240572172","V33_1_Ref","I am an inactive member of a consumer organization"
"218","V31_1_Ref","I am an inactive member of a professional association ","0.708252261274512","V33_1_Ref","I am an inactive member of a consumer organization"
"219","V34_1_Ref","I am an inactive member of a self-help group, mutual, aid group","0.734720416124837","V33_1_Ref","I am an inactive member of a consumer organization"
"220","V32_1_Ref","I am an inactive member of a humanitarian or charitable organization","0.72774544277748","V33_1_Ref","I am an inactive member of a consumer organization"
"221","V27_1_Ref","I am an inactive member in an art, music, or educational organization","0.703054079540387","V33_1_Ref","I am an inactive member of a consumer organization"
"222","V31_0","I am not a member of a professional association","0.728571428571429","V34_0","I am not a member of self-help group, mutual, aid group"
"223","V30_0","I am not a member in an environmental organization","0.797402597402597","V34_0","I am not a member of self-help group, mutual, aid group"
"224","V26_1_Ref","I am an inactive member in a sport or recreational organization","-0.714285714285714","V34_0","I am not a member of self-help group, mutual, aid group"
"225","V30_1_Ref","I am an inactive member in a environmental organization","-0.714749988442168","V34_0","I am not a member of self-help group, mutual, aid group"
"226","V33_0","I am not a member of a consumer organization","0.725974025974026","V34_0","I am not a member of self-help group, mutual, aid group"
"227","V31_1_Ref","I am an inactive member of a professional association ","0.72774544277748","V34_1_Ref","I am an inactive member of a self-help group, mutual, aid group"
"228","V30_1_Ref","I am an inactive member in a environmental organization","0.788686605981795","V34_1_Ref","I am an inactive member of a self-help group, mutual, aid group"
"229","V27_1_Ref","I am an inactive member in an art, music, or educational organization","0.751137260581042","V34_1_Ref","I am an inactive member of a self-help group, mutual, aid group"
"230","V33_1_Ref","I am an inactive member of a consumer organization","0.734720416124837","V34_1_Ref","I am an inactive member of a self-help group, mutual, aid group"
"231","V30_0","I am not a member in an environmental organization","-0.726445897343949","V34_1_Ref","I am an inactive member of a self-help group, mutual, aid group"
"232","V32_1_Ref","I am an inactive member of a humanitarian or charitable organization","0.725146351910418","V34_1_Ref","I am an inactive member of a self-help group, mutual, aid group"
"233","V26_1_Ref","I am an inactive member in a sport or recreational organization","0.768031351216948","V34_1_Ref","I am an inactive member of a self-help group, mutual, aid group"
"234","V44_1_Ref","I would not like to have people who speak a different language","0.741149763025528","V37_1_Ref","I would not like to have people of a different race as neighbors"
"235","V41_1_Ref","I would not like to have people of a different religion as neighbors","0.779220779220779","V37_1_Ref","I would not like to have people of a different race as neighbors"
"236","V203_Very Low_Ref","I think that homosexuality is never justifable.","0.728571428571429","V40_1_Ref","I would not like to have homosexuals as neighbors"
"237","V203_ Very High","I think that homosexuality is always justifable","-0.711269930335629","V40_1_Ref","I would not like to have homosexuals as neighbors"
"238","V37_1_Ref","I would not like to have people of a different race as neighbors","0.779220779220779","V41_1_Ref","I would not like to have people of a different religion as neighbors"
"239","V43_1_Ref","I would not like to have unmarried couples living together as neighbors","0.701298701298701","V41_1_Ref","I would not like to have people of a different religion as neighbors"
"240","V41_1_Ref","I would not like to have people of a different religion as neighbors","0.701298701298701","V43_1_Ref","I would not like to have unmarried couples living together as neighbors"
"241","V37_1_Ref","I would not like to have people of a different race as neighbors","0.741149763025528","V44_1_Ref","I would not like to have people who speak a different language"
"242","V53_1_Ref","I strongly agree that on the whole, men make better business executives than women do ","0.727272727272727","V45_1_Ref","I agree that if jobs are scarce, men should have more right to a job than women "
"243","V51_1_Ref","I strongly agree that on the whole, men make better political leaders than women do","0.709090909090909","V45_1_Ref","I agree that if jobs are scarce, men should have more right to a job than women "
"244","V9_1_Ref","Religion is very important in my life","0.702597402597403","V49_1_Ref","I strongly agree that one of my main goals in life has been to make my parents proud"
"245","V45_1_Ref","I agree that if jobs are scarce, men should have more right to a job than women ","0.709090909090909","V51_1_Ref","I strongly agree that on the whole, men make better political leaders than women do"
"246","V52_1_Ref","I strongly agree that a university education is more important for a boy than for a girl","0.720779220779221","V51_1_Ref","I strongly agree that on the whole, men make better political leaders than women do"
"247","V53_1_Ref","I strongly agree that on the whole, men make better business executives than women do ","0.846753246753247","V51_1_Ref","I strongly agree that on the whole, men make better political leaders than women do"
"248","V53_2","I agree that on the whole, men make better business executives than women do","0.759337487271553","V51_2","I agree that on the whole, men make better political leaders than women"
"249","V53_3","I disagree that on the whole, men make better business executive than women do ","0.786619073640591","V51_3","I disagree that on the whole, men make better political leaders than women"
"250","V53_4","I strongly disagree that on the whole, men make better business executive than women do","0.820779220779221","V51_4","I strongly disagree that on the whole, men make better political leaders than women "
"251","V51_1_Ref","I strongly agree that on the whole, men make better political leaders than women do","0.720779220779221","V52_1_Ref","I strongly agree that a university education is more important for a boy than for a girl"
"252","V53_1_Ref","I strongly agree that on the whole, men make better business executives than women do ","0.754545454545455","V52_1_Ref","I strongly agree that a university education is more important for a boy than for a girl"
"253","V45_1_Ref","I agree that if jobs are scarce, men should have more right to a job than women ","0.727272727272727","V53_1_Ref","I strongly agree that on the whole, men make better business executives than women do "
"254","V52_1_Ref","I strongly agree that a university education is more important for a boy than for a girl","0.754545454545455","V53_1_Ref","I strongly agree that on the whole, men make better business executives than women do "
"255","V51_1_Ref","I strongly agree that on the whole, men make better political leaders than women do","0.846753246753247","V53_1_Ref","I strongly agree that on the whole, men make better business executives than women do "
"256","V51_2","I agree that on the whole, men make better political leaders than women","0.759337487271553","V53_2","I agree that on the whole, men make better business executives than women do"
"257","V51_3","I disagree that on the whole, men make better political leaders than women","0.786619073640591","V53_3","I disagree that on the whole, men make better business executive than women do "
"258","V51_4","I strongly disagree that on the whole, men make better political leaders than women ","0.820779220779221","V53_4","I strongly disagree that on the whole, men make better business executive than women do"
"259","V76_1_Ref","Adventure, taking risks, and having an exciting life is very much like me","0.700876945052186","V75_1_Ref","Being very successful and having people recognize one's achievements is very much like me"
"260","V75_1_Ref","Being very successful and having people recognize one's achievements is very much like me","0.700876945052186","V76_1_Ref","Adventure, taking risks, and having an exciting life is very much like me"
"261","V86_3","I woud never join in boycotts","0.709824333116461","V85_3","I would never sign a petition"
"262","V87_3","I would never attend a peaceful demonstration","0.765777488614183","V85_3","I would never sign a petition"
"263","V85_3","I would never sign a petition","0.709824333116461","V86_3","I woud never join in boycotts"
"264","V88_2","I might join in strikes","0.825634352635003","V87_2","I might attend a peaceful demonstration"
"265","V88_3","I would never join strikes","0.768379960962915","V87_3","I would never attend a peaceful demonstration"
"266","V89_3","I would never do any other act of protest","0.70477353760254","V87_3","I would never attend a peaceful demonstration"
"267","V85_3","I would never sign a petition","0.765777488614183","V87_3","I would never attend a peaceful demonstration"
"268","V87_2","I might attend a peaceful demonstration","0.825634352635003","V88_2","I might join in strikes"
"269","V89_3","I would never do any other act of protest","0.737432181606365","V88_3","I would never join strikes"
"270","V87_3","I would never attend a peaceful demonstration","0.768379960962915","V88_3","I would never join strikes"
"271","V88_3","I would never join strikes","0.737432181606365","V89_3","I would never do any other act of protest"
"272","V87_3","I would never attend a peaceful demonstration","0.70477353760254","V89_3","I would never do any other act of protest"
"273","V146_1_Ref","I pray several times a day apart from weddings and funerals","0.722962038779502","V9_1_Ref","Religion is very important in my life"
"274","V19_1_Ref","Religious faith is am important quality that children can be encouraged to learn at home.","0.779220779220779","V9_1_Ref","Religion is very important in my life"
"275","V49_1_Ref","I strongly agree that one of my main goals in life has been to make my parents proud","0.702597402597403","V9_1_Ref","Religion is very important in my life"
"276","V153_1_Ref","I strongly agree that whenever science and religion conflict, religion is always right. ","0.753736351448104","V9_1_Ref","Religion is very important in my life"
"277","V153_4","I strong disagree that whenever science and religion conflict, relgion is always right","-0.707792207792208","V9_1_Ref","Religion is very important in my life"
"278","V19_1_Ref","Religious faith is am important quality that children can be encouraged to learn at home.","-0.75154274830897","V9_3","Religion is not very important in my life"
"279","V153_1_Ref","I strongly agree that whenever science and religion conflict, religion is always right. ","-0.735131660531658","V9_3","Religion is not very important in my life"
"280","V146_1_Ref","I pray several times a day apart from weddings and funerals","-0.718648473034438","V9_3","Religion is not very important in my life"
"281","V146_1_Ref","I pray several times a day apart from weddings and funerals","-0.701754385964912","V9_4","Religion is not important at all in my life"
"282","V19_1_Ref","Religious faith is am important quality that children can be encouraged to learn at home.","-0.712569053496059","V9_4","Religion is not important at all in my life"
"283","V153_4","I strong disagree that whenever science and religion conflict, relgion is always right","0.703475191373047","V9_4","Religion is not important at all in my life"
"284","V100_Low","I mostly agree that in the long run, hard work usually brings a better life","0.756739240950692","V99_Low","I mostly agree that competition is good it stimulates people to work hard and develop new ideas"
